arm,group,removal,retention,sel
rand0-det_q60_alpha-0.375,random,0.3489,0.8663,0.2152
rand1-det_q60_alpha-0.375,random,0.1454,0.9285,0.0739
rand10-det_q60_alpha-0.375,random,0.163,0.9178,0.0808
rand11-det_q60_alpha-0.375,random,0.1132,0.9392,0.0524
rand12-det_q60_alpha-0.375,random,0.2015,0.9135,0.115
rand13-det_q60_alpha-0.375,random,0.324,0.8556,0.1796
rand14-det_q60_alpha-0.375,random,0.3022,0.8706,0.1728
rand15-det_q60_alpha-0.375,random,0.2669,0.8813,0.1482
rand16-det_q60_alpha-0.375,random,0.2316,0.8978,0.1294
rand17-det_q60_alpha-0.375,random,0.216,0.9071,0.1231
rand18-det_q60_alpha-0.375,random,0.2876,0.8842,0.1718
rand19-det_q60_alpha-0.375,random,0.1786,0.9178,0.0964
rand2-det_q60_alpha-0.375,random,0.1776,0.9242,0.1018
rand20-det_q60_alpha-0.375,random,0.4403,0.8313,0.2716
rand21-det_q60_alpha-0.375,random,0.2793,0.8978,0.1771
rand22-det_q60_alpha-0.375,random,0.1755,0.9207,0.0962
rand23-det_q60_alpha-0.375,random,0.1371,0.9207,0.0577
rand24-det_q60_alpha-0.375,random,0.3655,0.8485,0.214
rand25-det_q60_alpha-0.375,random,0.1038,0.9342,0.0381
rand26-det_q60_alpha-0.375,random,0.2264,0.8956,0.122
rand27-det_q60_alpha-0.375,random,0.325,0.8706,0.1956
rand28-det_q60_alpha-0.375,random,0.2253,0.8906,0.116
rand29-det_q60_alpha-0.375,random,0.1101,0.9264,0.0364
rand3-det_q60_alpha-0.375,random,0.2004,0.9271,0.1275
rand30-det_q60_alpha-0.375,random,0.2471,0.8985,0.1456
rand31-det_q60_alpha-0.375,random,0.1298,0.9335,0.0633
rand32-det_q60_alpha-0.375,random,0.2056,0.9028,0.1084
rand33-det_q60_alpha-0.375,random,0.3198,0.867,0.1869
rand34-det_q60_alpha-0.375,random,0.1589,0.9164,0.0752
rand35-det_q60_alpha-0.375,random,0.2212,0.8949,0.1161
rand36-det_q60_alpha-0.375,random,0.2357,0.8914,0.1271
rand37-det_q60_alpha-0.375,random,0.1589,0.9271,0.086
rand38-det_q60_alpha-0.375,random,0.1537,0.9164,0.0701
rand39-det_q60_alpha-0.375,random,0.3188,0.8742,0.193
rand4-det_q60_alpha-0.375,random,0.217,0.9035,0.1205
rand40-det_q60_alpha-0.375,random,0.1745,0.9278,0.1023
rand41-det_q60_alpha-0.375,random,0.135,0.9178,0.0528
rand42-det_q60_alpha-0.375,random,0.162,0.9285,0.0905
rand43-det_q60_alpha-0.375,random,0.2118,0.9099,0.1218
rand44-det_q60_alpha-0.375,random,0.1973,0.9178,0.1151
rand45-det_q60_alpha-0.375,random,0.2586,0.8999,0.1585
rand46-det_q60_alpha-0.375,random,0.161,0.9221,0.083
rand47-det_q60_alpha-0.375,random,0.2004,0.9006,0.1011
rand48-det_q60_alpha-0.375,random,0.1973,0.9228,0.1201
rand49-det_q60_alpha-0.375,random,0.2212,0.9049,0.1261
rand5-det_q60_alpha-0.375,random,0.1838,0.9114,0.0952
rand50-det_q60_alpha-0.375,random,0.4351,0.8363,0.2714
rand51-det_q60_alpha-0.375,random,0.1298,0.9285,0.0583
rand52-det_q60_alpha-0.375,random,0.1911,0.9164,0.1074
rand53-det_q60_alpha-0.375,random,0.3593,0.8556,0.2149
rand54-det_q60_alpha-0.375,random,0.2731,0.8749,0.148
rand55-det_q60_alpha-0.375,random,0.162,0.9278,0.0898
rand56-det_q60_alpha-0.375,random,0.107,0.935,0.0419
rand57-det_q60_alpha-0.375,random,0.3842,0.8513,0.2355
rand58-det_q60_alpha-0.375,random,0.1859,0.9164,0.1022
rand59-det_q60_alpha-0.375,random,0.351,0.8477,0.1987
rand6-det_q60_alpha-0.375,random,0.1682,0.9249,0.0932
rand60-det_q60_alpha-0.375,random,0.1423,0.9242,0.0665
rand61-det_q60_alpha-0.375,random,0.217,0.8949,0.112
rand62-det_q60_alpha-0.375,random,0.3115,0.8578,0.1693
rand63-det_q60_alpha-0.375,random,0.1911,0.9221,0.1132
rand64-det_q60_alpha-0.375,random,0.2814,0.8721,0.1535
rand65-det_q60_alpha-0.375,random,0.2264,0.8928,0.1192
rand66-det_q60_alpha-0.375,random,0.2586,0.8856,0.1442
rand67-det_q60_alpha-0.375,random,0.3925,0.8385,0.231
rand68-det_q60_alpha-0.375,random,0.1402,0.935,0.0751
rand69-det_q60_alpha-0.375,random,0.1433,0.9185,0.0618
rand7-det_q60_alpha-0.375,random,0.4839,0.8091,0.2931
rand70-det_q60_alpha-0.375,random,0.3396,0.8663,0.2059
rand71-det_q60_alpha-0.375,random,0.3427,0.8685,0.2112
rand72-det_q60_alpha-0.375,random,0.4579,0.8177,0.2757
rand73-det_q60_alpha-0.375,random,0.2233,0.9078,0.1311
rand74-det_q60_alpha-0.375,random,0.1703,0.9142,0.0845
rand75-det_q60_alpha-0.375,random,0.2378,0.8985,0.1363
rand76-det_q60_alpha-0.375,random,0.163,0.9235,0.0865
rand77-det_q60_alpha-0.375,random,0.1859,0.9135,0.0994
rand78-det_q60_alpha-0.375,random,0.352,0.867,0.2191
rand79-det_q60_alpha-0.375,random,0.1807,0.9135,0.0942
rand8-det_q60_alpha-0.375,random,0.2253,0.8964,0.1217
rand80-det_q60_alpha-0.375,random,0.2866,0.8742,0.1608
rand81-det_q60_alpha-0.375,random,0.161,0.9264,0.0873
rand82-det_q60_alpha-0.375,random,0.188,0.9264,0.1143
rand83-det_q60_alpha-0.375,random,0.2523,0.8849,0.1373
rand84-det_q60_alpha-0.375,random,0.2471,0.9099,0.1571
rand85-det_q60_alpha-0.375,random,0.2285,0.9099,0.1384
rand86-det_q60_alpha-0.375,random,0.2004,0.8999,0.1003
rand87-det_q60_alpha-0.375,random,0.3738,0.8542,0.228
rand88-det_q60_alpha-0.375,random,0.2015,0.9042,0.1057
rand89-det_q60_alpha-0.375,random,0.2866,0.8799,0.1665
rand9-det_q60_alpha-0.375,random,0.2762,0.8956,0.1719
rand90-det_q60_alpha-0.375,random,0.1205,0.9278,0.0483
rand91-det_q60_alpha-0.375,random,0.1506,0.9328,0.0834
rand92-det_q60_alpha-0.375,random,0.1911,0.9114,0.1024
rand93-det_q60_alpha-0.375,random,0.2638,0.8935,0.1573
rand94-det_q60_alpha-0.375,random,0.4496,0.8313,0.2809
rand95-det_q60_alpha-0.375,random,0.1578,0.9278,0.0856
rand96-det_q60_alpha-0.375,random,0.1412,0.9335,0.0747
rand97-det_q60_alpha-0.375,random,0.1672,0.9142,0.0814
rand98-det_q60_alpha-0.375,random,0.3686,0.8399,0.2085
rand99-det_q60_alpha-0.375,random,0.1807,0.9028,0.0835
