x,y,u,v,state,changed
44.46,-9.27,0.88,-5.89,nonconfident_wrong,1
43.16,-17.82,0.00,0.00,overconfident_wrong,0
17.50,0.91,0.00,0.00,nonconfident_wrong,0
32.88,9.59,-0.72,-2.27,overconfident_wrong,1
38.65,4.04,-0.11,-1.00,nonconfident_wrong,1
21.66,-1.03,0.00,0.00,overconfident_wrong,0
50.27,-24.31,0.00,0.00,nonconfident_right,0
36.76,-2.06,-0.72,0.49,confident_right,1
3.31,0.28,0.00,0.00,nonconfident_wrong,0
23.49,-0.56,0.00,0.00,nonconfident_wrong,0
22.12,-3.72,0.00,0.00,nonconfident_wrong,0
15.73,-4.83,0.00,0.00,nonconfident_wrong,0
36.88,-5.82,1.25,0.18,nonconfident_right,1
3.20,-4.49,0.00,0.00,nonconfident_wrong,0
38.28,-2.31,2.73,2.47,overconfident_wrong,1
31.35,1.15,-1.66,-1.02,confident_right,1
41.55,-7.99,-1.69,2.71,overconfident_wrong,1
31.45,-2.48,0.00,0.00,nonconfident_wrong,0
29.15,-7.11,0.00,0.00,nonconfident_wrong,0
36.50,0.54,-8.10,4.74,nonconfident_wrong,1
39.92,1.03,0.42,-0.53,overconfident_wrong,1
45.59,-4.00,-2.86,-2.07,confident_right,1
10.48,-8.89,0.00,0.00,nonconfident_right,0
24.52,-1.47,0.00,0.00,nonconfident_right,0
37.92,0.05,-0.03,-0.04,confident_right,1
39.90,-0.17,0.47,-0.75,nonconfident_wrong,1
33.53,1.82,0.00,0.00,nonconfident_wrong,0
45.61,-6.94,-0.18,0.48,overconfident_wrong,1
31.49,4.68,-0.79,0.33,confident_right,1
25.22,-4.28,0.00,0.00,nonconfident_right,0
29.41,-8.79,0.00,0.00,nonconfident_wrong,0
45.21,-26.79,0.00,0.00,nonconfident_wrong,0
24.40,5.96,4.75,-5.52,overconfident_wrong,1
38.12,-4.04,0.84,-4.18,nonconfident_right,1
50.53,-15.50,-1.10,1.88,confident_right,1
45.72,-10.80,0.00,-0.11,nonconfident_wrong,1
26.76,11.15,-0.61,-1.37,nonconfident_wrong,1
43.96,-2.95,-0.07,-1.56,overconfident_wrong,1
17.27,-6.11,0.00,0.00,overconfident_wrong,0
51.10,-18.33,0.00,0.00,nonconfident_right,0
31.35,-3.71,0.00,0.00,nonconfident_wrong,0
15.38,-9.61,0.00,0.00,nonconfident_right,0
38.60,-19.62,0.00,0.00,nonconfident_wrong,0
26.27,2.68,0.00,0.00,confident_right,0
46.16,-11.52,0.00,0.00,confident_right,0
40.70,-13.26,0.00,0.00,overconfident_wrong,0
42.30,-8.29,0.00,0.00,nonconfident_wrong,0
31.42,-0.64,0.00,0.00,overconfident_wrong,0
28.12,4.52,0.00,0.00,overconfident_wrong,0
8.34,-8.38,0.00,0.00,nonconfident_right,0
15.02,1.48,0.00,0.00,confident_right,0
20.56,0.68,0.00,0.00,nonconfident_wrong,0
44.96,-18.15,0.00,0.00,overconfident_wrong,0
14.16,4.38,0.00,0.00,confident_right,0
39.99,-0.37,0.45,-0.90,nonconfident_right,1
25.01,-8.58,0.00,0.00,confident_right,0
25.67,8.39,0.73,-0.79,confident_right,1
52.39,-30.44,0.00,0.00,confident_right,0
24.60,-0.77,0.00,0.00,nonconfident_right,0
4.35,-1.91,0.00,0.00,nonconfident_wrong,0
5.08,3.21,0.00,0.00,nonconfident_wrong,0
41.83,-6.16,-0.06,-1.53,overconfident_wrong,1
21.44,10.25,-7.03,4.12,nonconfident_wrong,1
52.67,-17.24,0.00,0.00,confident_right,0
37.73,1.96,-3.52,-0.03,nonconfident_right,1
31.51,-1.65,0.00,0.00,overconfident_wrong,0
44.01,-16.50,0.00,0.00,confident_right,0
40.49,-9.88,0.00,0.00,confident_right,0
43.14,-11.15,0.38,-1.29,confident_right,1
30.55,3.54,-0.61,-2.12,nonconfident_wrong,1
47.86,-14.19,0.06,-0.08,nonconfident_wrong,1
18.56,6.67,0.00,0.00,nonconfident_right,0
40.44,-14.92,0.00,0.00,confident_right,0
43.21,-5.64,-1.37,0.34,overconfident_wrong,1
46.70,-15.60,0.00,0.00,confident_right,0
27.51,8.28,-0.52,0.28,nonconfident_right,1
16.04,8.35,0.00,0.00,nonconfident_wrong,0
31.75,-6.43,0.21,-0.42,overconfident_wrong,1
42.92,-3.53,-2.15,2.62,nonconfident_wrong,1
51.75,-28.36,0.00,0.00,nonconfident_wrong,0
54.37,-23.47,0.00,0.00,nonconfident_right,0
12.77,-10.02,0.00,0.00,overconfident_wrong,0
34.43,-1.34,0.00,0.00,nonconfident_right,0
43.71,-18.42,0.00,0.00,overconfident_wrong,0
48.78,-31.29,0.00,0.00,confident_right,0
10.88,9.40,0.00,0.00,nonconfident_right,0
49.20,-20.95,0.00,0.00,confident_right,0
31.15,-3.11,8.61,7.45,confident_right,1
20.98,-0.75,0.00,0.00,nonconfident_wrong,0
21.06,8.21,-0.65,-3.37,nonconfident_right,1
53.84,-21.85,0.00,0.00,nonconfident_wrong,0
30.00,-1.33,0.00,0.00,confident_right,0
28.81,2.23,-0.13,0.43,nonconfident_right,1
28.99,-10.97,0.00,0.00,nonconfident_wrong,0
1.67,3.86,0.00,0.00,nonconfident_wrong,0
38.15,-2.93,0.40,-0.27,nonconfident_right,1
42.94,-11.57,-3.82,1.72,overconfident_wrong,1
23.47,3.46,0.00,0.00,confident_right,0
37.41,-10.37,0.00,0.00,overconfident_wrong,0
30.11,-2.49,0.00,0.00,nonconfident_right,0
10.44,-5.46,0.00,0.00,confident_right,0
27.56,9.58,-2.13,-5.78,nonconfident_right,1
31.56,-4.57,0.00,0.00,overconfident_wrong,0
33.25,8.76,-1.47,-1.35,confident_right,1
42.39,-2.34,0.04,3.63,nonconfident_right,1
26.30,-7.37,0.00,0.00,nonconfident_right,0
41.29,-5.31,-1.64,-1.21,overconfident_wrong,1
34.04,-1.89,-6.51,6.72,confident_right,1
42.88,-7.01,0.14,-0.73,overconfident_wrong,1
40.86,1.31,-1.98,1.82,nonconfident_wrong,1
33.32,-5.66,0.00,0.00,nonconfident_right,0
47.27,-10.75,0.00,0.00,nonconfident_wrong,0
47.71,-13.96,0.00,0.00,nonconfident_right,0
-0.66,13.39,0.00,0.00,nonconfident_right,0
33.85,1.75,0.00,0.00,nonconfident_wrong,0
21.76,-1.75,0.00,0.00,nonconfident_wrong,0
37.93,-5.48,-4.79,4.23,nonconfident_wrong,1
34.45,-1.99,-1.32,-0.26,nonconfident_wrong,1
31.17,12.09,1.74,-1.87,nonconfident_wrong,1
49.67,-20.12,0.00,0.00,nonconfident_wrong,0
32.96,-12.70,0.00,0.00,overconfident_wrong,0
33.40,4.80,-0.08,-0.35,overconfident_wrong,1
17.65,0.01,0.00,0.00,nonconfident_right,0
-0.57,7.05,0.00,0.00,nonconfident_wrong,0
-1.45,14.52,0.00,0.00,nonconfident_wrong,0
47.00,-15.76,0.00,0.00,confident_right,0
44.70,-26.83,0.00,0.00,nonconfident_right,0
16.89,4.27,0.00,0.00,nonconfident_wrong,0
39.60,-15.83,0.00,0.00,confident_right,0
37.01,-18.56,0.00,0.00,confident_right,0
14.00,-11.83,0.00,0.00,nonconfident_wrong,0
28.42,0.98,0.00,0.00,nonconfident_right,0
28.82,-1.71,0.00,0.00,overconfident_wrong,0
35.75,-9.86,0.00,0.00,confident_right,0
16.96,-2.89,0.00,0.00,confident_right,0
-4.14,6.92,0.00,0.00,nonconfident_wrong,0
17.33,7.74,0.00,0.00,nonconfident_right,0
36.33,-3.59,0.00,0.00,confident_right,0
33.43,-0.91,-2.43,7.12,confident_right,1
25.00,0.38,0.00,0.00,overconfident_wrong,0
37.92,-12.56,0.00,0.00,nonconfident_right,0
53.19,-20.57,0.00,0.00,nonconfident_wrong,0
36.87,-12.75,0.00,0.00,confident_right,0
36.85,-8.78,0.00,0.00,overconfident_wrong,0
41.99,0.09,-3.25,1.81,nonconfident_wrong,1
10.67,11.42,0.00,0.00,nonconfident_wrong,0
48.38,-8.93,-2.41,3.99,confident_right,1
10.06,4.79,0.00,0.00,nonconfident_right,0
31.44,13.06,10.40,-19.58,nonconfident_wrong,1
23.19,2.64,0.00,0.00,nonconfident_right,0
32.12,-6.90,0.00,0.00,confident_right,0
39.34,-7.20,0.00,0.00,nonconfident_wrong,0
39.49,11.68,0.01,-1.64,overconfident_wrong,1
34.99,3.27,-6.20,4.65,overconfident_wrong,1
47.29,-7.52,-2.60,2.06,overconfident_wrong,1
31.66,7.56,-3.57,1.97,nonconfident_wrong,1
14.31,1.59,0.00,0.00,nonconfident_wrong,0
46.97,-15.47,0.00,0.00,overconfident_wrong,0
33.59,-11.31,0.00,0.00,nonconfident_right,0
26.10,-3.12,0.00,0.00,confident_right,0
42.39,-12.41,0.00,0.00,confident_right,0
19.75,5.29,0.00,0.00,nonconfident_wrong,0
42.35,-3.26,-1.47,-1.35,confident_right,1
36.14,-7.69,0.00,0.00,overconfident_wrong,0
10.40,-1.49,0.00,0.00,nonconfident_wrong,0
21.93,3.43,0.00,0.00,nonconfident_wrong,0
45.60,-20.82,0.00,0.00,confident_right,0
29.58,0.27,0.00,0.00,overconfident_wrong,0
14.92,-13.21,0.00,0.00,overconfident_wrong,0
38.60,-7.03,0.00,0.00,confident_right,0
35.71,-5.12,0.00,0.00,nonconfident_right,0
53.99,-30.82,0.00,0.00,confident_right,0
6.41,6.34,0.00,0.00,nonconfident_wrong,0
-2.52,2.12,0.00,0.00,nonconfident_wrong,0
57.31,-24.42,0.00,0.00,confident_right,0
28.25,-12.86,0.00,0.00,nonconfident_right,0
32.54,-1.22,0.15,0.04,overconfident_wrong,1
23.43,1.07,0.00,0.00,nonconfident_right,0
49.58,-12.81,0.40,0.91,nonconfident_right,1
29.58,-5.87,0.00,0.00,nonconfident_right,0
42.57,-10.46,0.00,0.00,nonconfident_right,0
12.86,11.42,0.00,0.00,nonconfident_wrong,0
33.49,-3.90,-0.39,0.90,nonconfident_wrong,1
2.74,4.91,0.00,0.00,nonconfident_right,0
36.14,-6.72,0.00,0.00,nonconfident_right,0
35.61,-14.94,0.00,0.00,nonconfident_right,0
47.64,-18.50,0.00,0.00,confident_right,0
31.97,6.50,0.16,-0.43,overconfident_wrong,1
36.47,-8.71,0.00,0.00,nonconfident_wrong,0
35.89,-6.21,0.00,0.00,overconfident_wrong,0
37.80,5.08,-3.29,-0.20,overconfident_wrong,1
-4.31,16.02,0.00,0.00,nonconfident_wrong,0
31.25,-4.23,0.00,0.00,nonconfident_wrong,0
40.44,11.42,2.03,-6.96,confident_right,1
29.00,9.02,1.13,-2.00,overconfident_wrong,1
23.72,0.04,0.00,0.00,nonconfident_wrong,0
33.50,0.48,-0.62,-0.99,overconfident_wrong,1
45.16,-2.59,2.03,-9.51,nonconfident_right,1
27.71,-0.29,0.00,0.00,confident_right,0
38.55,-9.08,0.00,0.00,nonconfident_wrong,0
34.25,-3.81,0.00,0.00,nonconfident_wrong,0
43.12,-22.52,0.00,0.00,nonconfident_right,0
21.34,1.70,0.00,0.00,nonconfident_right,0
45.29,-17.46,0.00,0.00,nonconfident_right,0
29.16,-2.05,0.00,0.00,nonconfident_right,0
46.13,2.91,-2.97,-1.33,overconfident_wrong,1
21.46,-17.46,0.00,0.00,nonconfident_wrong,0
39.12,-13.44,0.00,0.00,confident_right,0
37.49,-18.36,0.00,0.00,nonconfident_wrong,0
21.77,3.15,0.00,0.00,nonconfident_wrong,0
39.86,-10.11,0.00,0.00,nonconfident_wrong,0
11.91,3.28,0.00,0.00,nonconfident_wrong,0
35.27,-1.49,0.00,0.00,overconfident_wrong,0
45.32,-10.32,-1.66,0.60,confident_right,1
23.27,-7.68,0.00,0.00,nonconfident_wrong,0
14.15,-4.19,0.00,0.00,nonconfident_right,0
23.30,-4.56,0.00,0.00,confident_right,0
27.58,2.39,0.00,0.00,nonconfident_right,0
39.28,-13.11,0.00,0.00,confident_right,0
10.58,-12.49,0.00,0.00,nonconfident_wrong,0
38.18,8.28,6.11,-2.20,nonconfident_right,1
7.65,-9.24,0.00,0.00,nonconfident_right,0
29.99,8.45,13.08,-12.77,overconfident_wrong,1
33.33,-9.20,0.00,0.00,nonconfident_wrong,0
1.45,7.90,0.00,0.00,nonconfident_right,0
42.20,-23.30,0.00,0.00,confident_right,0
31.23,7.98,-1.95,0.62,nonconfident_right,1
40.87,3.21,-0.14,-1.01,nonconfident_wrong,1
26.24,-2.16,0.00,0.00,nonconfident_wrong,0
-2.19,11.60,0.00,0.00,nonconfident_wrong,0
14.12,-4.82,0.00,0.00,nonconfident_wrong,0
25.05,10.74,-5.30,4.07,nonconfident_right,1
45.68,-4.74,0.96,-3.96,nonconfident_right,1
48.00,-6.02,-3.43,2.81,nonconfident_wrong,1
31.49,2.56,0.79,0.28,nonconfident_wrong,1
49.55,-19.72,0.00,0.00,nonconfident_right,0
38.10,-13.47,0.00,0.00,nonconfident_wrong,0
24.80,-7.43,0.00,0.00,nonconfident_right,0
20.97,8.55,-0.84,1.30,nonconfident_right,1
42.66,-2.26,-1.20,-0.40,nonconfident_wrong,1
22.75,-4.65,0.00,0.00,nonconfident_right,0
48.89,-27.46,0.00,0.00,confident_right,0
34.87,-16.65,0.00,0.00,confident_right,0
41.17,-10.89,0.00,0.00,nonconfident_wrong,0
24.84,-6.95,0.00,0.00,nonconfident_wrong,0
47.89,-14.44,0.00,0.00,confident_right,0
38.13,-2.17,0.02,-0.36,confident_right,1
34.26,4.05,0.73,0.34,nonconfident_wrong,1
42.47,5.68,1.15,-3.38,nonconfident_wrong,1
36.16,1.74,-0.41,-0.56,nonconfident_wrong,1
36.16,-11.43,0.00,0.00,nonconfident_wrong,0
40.23,-6.88,-0.02,0.11,overconfident_wrong,1
45.05,-17.12,0.00,0.00,confident_right,0
15.01,8.13,0.00,0.00,nonconfident_right,0
12.84,2.50,0.00,0.00,nonconfident_wrong,0
45.73,-21.53,0.00,0.00,nonconfident_wrong,0
45.50,-8.73,-0.63,2.09,nonconfident_right,1
20.37,7.75,0.00,0.00,confident_right,0
48.61,-11.27,-0.52,-0.07,confident_right,1
46.22,-5.95,0.42,-0.99,confident_right,1
40.57,-9.15,0.00,0.00,nonconfident_wrong,0
35.83,-9.37,0.00,0.00,nonconfident_wrong,0
40.25,-18.67,0.00,0.00,nonconfident_wrong,0
47.95,-25.33,0.00,0.00,confident_right,0
51.82,-22.94,-0.16,-0.01,nonconfident_wrong,1
40.34,-8.97,0.00,0.00,nonconfident_wrong,0
-0.40,12.70,0.00,0.00,nonconfident_wrong,0
46.31,-5.25,-0.28,0.23,confident_right,1
28.77,7.62,-0.67,0.56,nonconfident_wrong,1
14.94,-18.10,0.00,0.00,nonconfident_right,0
41.76,2.03,-0.69,-1.36,confident_right,1
33.16,0.74,-2.22,1.76,confident_right,1
33.76,1.24,-17.42,4.96,confident_right,1
21.96,2.13,0.00,0.00,nonconfident_wrong,0
25.09,-5.84,0.00,0.00,nonconfident_wrong,0
37.74,-4.00,0.00,0.00,nonconfident_wrong,0
18.00,-0.62,0.00,0.00,confident_right,0
34.07,5.88,6.28,-8.85,nonconfident_wrong,1
31.12,-3.34,0.00,0.00,confident_right,0
29.76,-1.00,0.00,0.00,nonconfident_wrong,0
26.41,-1.70,0.00,0.00,overconfident_wrong,0
39.57,-2.01,0.00,0.00,confident_right,0
27.80,-0.93,0.00,0.00,confident_right,0
36.11,-2.16,0.00,0.00,nonconfident_right,0
48.68,-6.03,-0.08,-2.03,confident_right,1
31.53,-8.10,0.00,0.00,nonconfident_right,0
20.45,1.58,0.00,0.00,confident_right,0
29.75,0.26,0.00,0.00,confident_right,0
24.87,2.02,0.00,0.00,nonconfident_right,0
40.94,1.12,7.52,-9.66,confident_right,1
33.02,-5.48,0.00,0.00,confident_right,0
39.37,-1.96,1.54,-0.58,overconfident_wrong,1
22.69,9.87,0.40,3.22,nonconfident_wrong,1
40.90,-4.41,-1.54,1.40,confident_right,1
49.88,-17.75,0.00,0.00,nonconfident_wrong,0
31.65,-0.82,0.00,0.00,overconfident_wrong,0
10.35,-5.31,0.00,0.00,nonconfident_wrong,0
6.89,-10.46,0.00,0.00,nonconfident_wrong,0
15.77,2.38,0.00,0.00,nonconfident_right,0
50.25,-25.64,0.00,0.00,confident_right,0
